serviceProviderId;attentionPointId;flyKey;flyKeyType;serviceType;readingType;module;description;appliedAgreement;accountingDate;amount;value;;
102;257;CAC783;1;0;0;E1;Ingreso al servicio;Descuento del 50% por compras en c.c.;24/05/2024;10000;10000;;
102;257;ACA960;1;0;0;E1;Ingreso al servicio;Descuento del 50% por compras en c.c.;25/05/2024;10001;10001;;
102;257;BBC512;1;0;0;E1;Ingreso al servicio;Descuento del 50% por compras en c.c.;26/05/2024;10002;10002;;
102;257;BEC770;1;0;0;E1;Ingreso al servicio;Descuento del 50% por compras en c.c.;27/05/2024;10003;10003;;
102;257;BCE925;1;0;0;E1;Ingreso al servicio;Descuento del 50% por compras en c.c.;28/05/2024;10004;10004;;
102;257;CAE110;1;0;0;E1;Ingreso al servicio;Descuento del 50% por compras en c.c.;29/05/2024;10005;10005;;
102;257;ACD178;1;0;0;E1;Ingreso al servicio;Descuento del 50% por compras en c.c.;30/05/2024;10006;10006;;
102;257;BEB324;1;0;0;E1;Ingreso al servicio;Descuento del 50% por compras en c.c.;31/05/2024;10007;10007;;
102;257;NAJ352;1;0;0;E1;Ingreso al servicio;Descuento del 50% por compras en c.c.;1/06/2024;10008;10008;;
102;257;QWE000;1;0;0;E1;Ingreso al servicio;Descuento del 50% por compras en c.c.;2/06/2024;10009;10009;;
102;257;RTQ843;1;0;0;E1;Ingreso al servicio;Descuento del 50% por compras en c.c.;3/06/2024;10010;10010;;
102;257;DUL009;1;0;0;E1;Ingreso al servicio;Descuento del 50% por compras en c.c.;4/06/2024;10011;10011;;
102;257;RAQ035;1;0;0;E1;Ingreso al servicio;Descuento del 50% por compras en c.c.;5/06/2024;10012;10012;;
102;257;IJK001;1;0;0;E1;Ingreso al servicio;Descuento del 50% por compras en c.c.;6/06/2024;10013;10013;;<
102;257;CGC519;1;0;0;E1;Ingreso al servicio;Descuento del 50% por compras en c.c.;7/06/2024;10014;10014;;
102;257;ROB714;1;0;0;E1;Ingreso al servicio;Descuento del 50% por compras en c.c.;8/06/2024;10015;10015;;
102;257;AJT124;1;0;0;E1;Ingreso al servicio;Descuento del 50% por compras en c.c.;9/06/2024;10016;10016;;
102;257;COA721;1;0;0;E1;Ingreso al servicio;Descuento del 50% por compras en c.c.;10/06/2024;10017;10017;;
102;257;JJV112;1;0;0;E1;Ingreso al servicio;Descuento del 50% por compras en c.c.;11/06/2024;10018;10018;;
102;257;LED195;1;0;0;E1;Ingreso al servicio;Descuento del 50% por compras en c.c.;12/06/2024;10019;10019;;
102;257;MIT123;1;0;0;E1;Ingreso al servicio;Descuento del 50% por compras en c.c.;13/06/2024;10020;10020;;
102;257;NAJ352;1;0;0;E1;Ingreso al servicio;Descuento del 50% por compras en c.c.;14/06/2024;10021;10021;;
102;257;QWE000;1;0;0;E1;Ingreso al servicio;Descuento del 50% por compras en c.c.;15/06/2024;10022;10022;;
102;257;RTQ843;1;0;0;E1;Ingreso al servicio;Descuento del 50% por compras en c.c.;16/06/2024;10023;10023;;
102;257;DUL009;1;0;0;E1;Ingreso al servicio;Descuento del 50% por compras en c.c.;17/06/2024;10024;10024;;
102;257;RAQ035;1;0;0;E1;Ingreso al servicio;Descuento del 50% por compras en c.c.;18/06/2024;10025;10025;;
102;257;IJK001;1;0;0;E1;Ingreso al servicio;Descuento del 50% por compras en c.c.;19/06/2024;10026;10026;;
102;257;CGC519;1;0;0;E1;Ingreso al servicio;Descuento del 50% por compras en c.c.;20/06/2024;10027;10027;;
102;257;ROB714;1;0;0;E1;Ingreso al servicio;Descuento del 50% por compras en c.c.;21/06/2024;10028;10028;;
102;257;AJT124;1;0;0;E1;Ingreso al servicio;Descuento del 50% por compras en c.c.;22/06/2024;10029;10029;;
102;257;COA721;1;0;0;E1;Ingreso al servicio;Descuento del 50% por compras en c.c.;23/06/2024;10030;10030;;
102;257;JJV112;1;0;0;E1;Ingreso al servicio;Descuento del 50% por compras en c.c.;24/06/2024;10031;10031;;
102;257;LED195;1;0;0;E1;Ingreso al servicio;Descuento del 50% por compras en c.c.;25/06/2024;10032;10032;;
102;257;MIT123;1;0;0;E1;Ingreso al servicio;Descuento del 50% por compras en c.c.;26/06/2024;10033;10033;;
102;257;NAJ352;1;0;0;E1;Ingreso al servicio;Descuento del 50% por compras en c.c.;27/06/2024;10034;10034;;
102;257;QWE000;1;0;0;E1;Ingreso al servicio;Descuento del 50% por compras en c.c.;28/06/2024;10035;10035;;
102;257;RTQ843;1;0;0;E1;Ingreso al servicio;Descuento del 50% por compras en c.c.;29/06/2024;10036;10036;;
102;257;DUL009;1;0;0;E1;Ingreso al servicio;Descuento del 50% por compras en c.c.;30/06/2024;10037;10037;;
102;257;RAQ035;1;0;0;E1;Ingreso al servicio;Descuento del 50% por compras en c.c.;1/07/2024;10038;10038;;
102;257;IJK001;1;0;0;E1;Ingreso al servicio;Descuento del 50% por compras en c.c.;2/07/2024;10039;10039;;
102;257;CGC519;1;0;0;E1;Ingreso al servicio;Descuento del 50% por compras en c.c.;3/07/2024;10040;10040;;
102;257;ROB714;1;0;0;E1;Ingreso al servicio;Descuento del 50% por compras en c.c.;4/07/2024;10041;10041;;
102;257;AJT124;1;0;0;E1;Ingreso al servicio;Descuento del 50% por compras en c.c.;5/07/2024;10042;10042;;
102;257;COA721;1;0;0;E1;Ingreso al servicio;Descuento del 50% por compras en c.c.;6/07/2024;10043;10043;;
102;257;JJV112;1;0;0;E1;Ingreso al servicio;Descuento del 50% por compras en c.c.;7/07/2024;10044;10044;;
102;257;LED195;1;0;0;E1;Ingreso al servicio;Descuento del 50% por compras en c.c.;8/07/2024;10045;10045;;
102;257;MIT123;1;0;0;E1;Ingreso al servicio;Descuento del 50% por compras en c.c.;9/07/2024;10046;10046;;
102;257;NAJ352;1;0;0;E1;Ingreso al servicio;Descuento del 50% por compras en c.c.;10/07/2024;10047;10047;;
102;257;QWE000;1;0;0;E1;Ingreso al servicio;Descuento del 50% por compras en c.c.;11/07/2024;10048;10048;;
102;257;RTQ843;1;0;0;E1;Ingreso al servicio;Descuento del 50% por compras en c.c.;12/07/2024;10049;10049;;
102;257;DUL009;1;0;0;E1;Ingreso al servicio;Descuento del 50% por compras en c.c.;13/07/2024;10050;10050;;
102;257;RAQ035;1;0;0;E1;Ingreso al servicio;Descuento del 50% por compras en c.c.;14/07/2024;10051;10051;;
102;257;IJK001;1;0;0;E1;Ingreso al servicio;Descuento del 50% por compras en c.c.;15/07/2024;10052;10052;;
102;257;CGC519;1;0;0;E1;Ingreso al servicio;Descuento del 50% por compras en c.c.;16/07/2024;10053;10053;;
102;257;ROB714;1;0;0;E1;Ingreso al servicio;Descuento del 50% por compras en c.c.;17/07/2024;10054;10054;;
102;257;AJT124;1;0;0;E1;Ingreso al servicio;Descuento del 50% por compras en c.c.;18/07/2024;10055;10055;;
102;257;COA721;1;0;0;E1;Ingreso al servicio;Descuento del 50% por compras en c.c.;19/07/2024;10056;10056;;
102;257;JJV112;1;0;0;E1;Ingreso al servicio;Descuento del 50% por compras en c.c.;20/07/2024;10057;10057;;
102;257;LED195;1;0;0;E1;Ingreso al servicio;Descuento del 50% por compras en c.c.;21/07/2024;10058;10058;;
102;257;MIT123;1;0;0;E1;Ingreso al servicio;Descuento del 50% por compras en c.c.;22/07/2024;10059;10059;;
102;257;NAJ352;1;0;0;E1;Ingreso al servicio;Descuento del 50% por compras en c.c.;23/07/2024;10060;10060;;
102;257;QWE000;1;0;0;E1;Ingreso al servicio;Descuento del 50% por compras en c.c.;24/07/2024;10061;10061;;
102;257;RTQ843;1;0;0;E1;Ingreso al servicio;Descuento del 50% por compras en c.c.;25/07/2024;10062;10062;;
102;257;DUL009;1;0;0;E1;Ingreso al servicio;Descuento del 50% por compras en c.c.;26/07/2024;10063;10063;;
102;257;RAQ035;1;0;0;E1;Ingreso al servicio;Descuento del 50% por compras en c.c.;27/07/2024;10064;10064;;
102;257;IJK001;1;0;0;E1;Ingreso al servicio;Descuento del 50% por compras en c.c.;28/07/2024;10065;10065;;
102;257;CGC519;1;0;0;E1;Ingreso al servicio;Descuento del 50% por compras en c.c.;29/07/2024;10066;10066;;
102;257;ROB714;1;0;0;E1;Ingreso al servicio;Descuento del 50% por compras en c.c.;30/07/2024;10067;10067;;
102;257;AJT124;1;0;0;E1;Ingreso al servicio;Descuento del 50% por compras en c.c.;31/07/2024;10068;10068;;
102;257;COA721;1;0;0;E1;Ingreso al servicio;Descuento del 50% por compras en c.c.;1/08/2024;10069;10069;;
102;257;JJV112;1;0;0;E1;Ingreso al servicio;Descuento del 50% por compras en c.c.;2/08/2024;10070;10070;;
102;257;LED195;1;0;0;E1;Ingreso al servicio;Descuento del 50% por compras en c.c.;3/08/2024;10071;10071;;
102;257;MIT123;1;0;0;E1;Ingreso al servicio;Descuento del 50% por compras en c.c.;4/08/2024;10072;10072;;
102;257;NAJ352;1;0;0;E1;Ingreso al servicio;Descuento del 50% por compras en c.c.;5/08/2024;10073;10073;;
102;257;QWE000;1;0;0;E1;Ingreso al servicio;Descuento del 50% por compras en c.c.;6/08/2024;10074;10074;;
102;257;RTQ843;1;0;0;E1;Ingreso al servicio;Descuento del 50% por compras en c.c.;7/08/2024;10075;10075;;
102;257;DUL009;1;0;0;E1;Ingreso al servicio;Descuento del 50% por compras en c.c.;8/08/2024;10076;10076;;
102;257;RAQ035;1;0;0;E1;Ingreso al servicio;Descuento del 50% por compras en c.c.;9/08/2024;10077;10077;;
102;257;IJK001;1;0;0;E1;Ingreso al servicio;Descuento del 50% por compras en c.c.;10/08/2024;10078;10078;;
102;257;CGC519;1;0;0;E1;Ingreso al servicio;Descuento del 50% por compras en c.c.;11/08/2024;10079;10079;;
102;257;ROB714;1;0;0;E1;Ingreso al servicio;Descuento del 50% por compras en c.c.;12/08/2024;10080;10080;;
102;257;AJT124;1;0;0;E1;Ingreso al servicio;Descuento del 50% por compras en c.c.;13/08/2024;10081;10081;;
102;257;COA721;1;0;0;E1;Ingreso al servicio;Descuento del 50% por compras en c.c.;14/08/2024;10082;10082;;
102;257;JJV112;1;0;0;E1;Ingreso al servicio;Descuento del 50% por compras en c.c.;15/08/2024;10083;10083;;
102;257;LED195;1;0;0;E1;Ingreso al servicio;Descuento del 50% por compras en c.c.;16/08/2024;10084;10084;;
102;257;MIT123;1;0;0;E1;Ingreso al servicio;Descuento del 50% por compras en c.c.;17/08/2024;10085;10085;;
102;257;NAJ352;1;0;0;E1;Ingreso al servicio;Descuento del 50% por compras en c.c.;18/08/2024;10086;10086;;
102;257;QWE000;1;0;0;E1;Ingreso al servicio;Descuento del 50% por compras en c.c.;19/08/2024;10087;10087;;
102;257;RTQ843;1;0;0;E1;Ingreso al servicio;Descuento del 50% por compras en c.c.;20/08/2024;10088;10088;;
102;257;DUL009;1;0;0;E1;Ingreso al servicio;Descuento del 50% por compras en c.c.;21/08/2024;10089;10089;;
102;257;RAQ035;1;0;0;E1;Ingreso al servicio;Descuento del 50% por compras en c.c.;22/08/2024;10090;10090;;
102;257;IJK001;1;0;0;E1;Ingreso al servicio;Descuento del 50% por compras en c.c.;23/08/2024;10091;10091;;
102;257;CGC519;1;0;0;E1;Ingreso al servicio;Descuento del 50% por compras en c.c.;24/08/2024;10092;10092;;
102;257;ROB714;1;0;0;E1;Ingreso al servicio;Descuento del 50% por compras en c.c.;25/08/2024;10093;10093;;
102;257;AJT124;1;0;0;E1;Ingreso al servicio;Descuento del 50% por compras en c.c.;26/08/2024;10094;10094;;
102;257;COA721;1;0;0;E1;Ingreso al servicio;Descuento del 50% por compras en c.c.;27/08/2024;10095;10095;;
102;257;JJV112;1;0;0;E1;Ingreso al servicio;Descuento del 50% por compras en c.c.;28/08/2024;10096;10096;;
102;257;LED195;1;0;0;E1;Ingreso al servicio;Descuento del 50% por compras en c.c.;29/08/2024;10097;10097;;
102;257;MIT123;1;0;0;E1;Ingreso al servicio;Descuento del 50% por compras en c.c.;30/08/2024;10098;10098;;
102;257;NAJ352;1;0;0;E1;Ingreso al servicio;Descuento del 50% por compras en c.c.;31/08/2024;10099;10099;;
102;257;QWE000;1;0;0;E1;Ingreso al servicio;Descuento del 50% por compras en c.c.;1/09/2024;10100;10100;;
102;257;RTQ843;1;0;0;E1;Ingreso al servicio;Descuento del 50% por compras en c.c.;2/09/2024;10101;10101;;
102;257;DUL009;1;0;0;E1;Ingreso al servicio;Descuento del 50% por compras en c.c.;3/09/2024;10102;10102;;
102;257;RAQ035;1;0;0;E1;Ingreso al servicio;Descuento del 50% por compras en c.c.;4/09/2024;10103;10103;;
102;257;IJK001;1;0;0;E1;Ingreso al servicio;Descuento del 50% por compras en c.c.;5/09/2024;10104;10104;;
102;257;CGC519;1;0;0;E1;Ingreso al servicio;Descuento del 50% por compras en c.c.;6/09/2024;10105;10105;;
102;257;ROB714;1;0;0;E1;Ingreso al servicio;Descuento del 50% por compras en c.c.;7/09/2024;10106;10106;;
102;257;AJT124;1;0;0;E1;Ingreso al servicio;Descuento del 50% por compras en c.c.;8/09/2024;10107;10107;;
102;257;COA721;1;0;0;E1;Ingreso al servicio;Descuento del 50% por compras en c.c.;9/09/2024;10108;10108;;
102;257;JJV112;1;0;0;E1;Ingreso al servicio;Descuento del 50% por compras en c.c.;10/09/2024;10109;10109;;
102;257;LED195;1;0;0;E1;Ingreso al servicio;Descuento del 50% por compras en c.c.;11/09/2024;10110;10110;;
102;257;MIT123;1;0;0;E1;Ingreso al servicio;Descuento del 50% por compras en c.c.;12/09/2024;10111;10111;;
102;257;NAJ352;1;0;0;E1;Ingreso al servicio;Descuento del 50% por compras en c.c.;13/09/2024;10112;10112;;
102;257;QWE000;1;0;0;E1;Ingreso al servicio;Descuento del 50% por compras en c.c.;14/09/2024;10113;10113;;
102;257;RTQ843;1;0;0;E1;Ingreso al servicio;Descuento del 50% por compras en c.c.;15/09/2024;10114;10114;;
102;257;DUL009;1;0;0;E1;Ingreso al servicio;Descuento del 50% por compras en c.c.;16/09/2024;10115;10115;;
102;257;RAQ035;1;0;0;E1;Ingreso al servicio;Descuento del 50% por compras en c.c.;17/09/2024;10116;10116;;
102;257;IJK001;1;0;0;E1;Ingreso al servicio;Descuento del 50% por compras en c.c.;18/09/2024;10117;10117;;
102;257;CGC519;1;0;0;E1;Ingreso al servicio;Descuento del 50% por compras en c.c.;19/09/2024;10118;10118;;
102;257;ROB714;1;0;0;E1;Ingreso al servicio;Descuento del 50% por compras en c.c.;20/09/2024;10119;10119;;
102;257;AJT124;1;0;0;E1;Ingreso al servicio;Descuento del 50% por compras en c.c.;21/09/2024;10120;10120;;
102;257;COA721;1;0;0;E1;Ingreso al servicio;Descuento del 50% por compras en c.c.;22/09/2024;10121;10121;;
102;257;JJV112;1;0;0;E1;Ingreso al servicio;Descuento del 50% por compras en c.c.;23/09/2024;10122;10122;;
102;257;LED195;1;0;0;E1;Ingreso al servicio;Descuento del 50% por compras en c.c.;24/09/2024;10123;10123;;
102;257;MIT123;1;0;0;E1;Ingreso al servicio;Descuento del 50% por compras en c.c.;25/09/2024;10124;10124;;
102;257;NAJ352;1;0;0;E1;Ingreso al servicio;Descuento del 50% por compras en c.c.;26/09/2024;10125;10125;;
102;257;QWE000;1;0;0;E1;Ingreso al servicio;Descuento del 50% por compras en c.c.;27/09/2024;10126;10126;;
102;257;RTQ843;1;0;0;E1;Ingreso al servicio;Descuento del 50% por compras en c.c.;28/09/2024;10127;10127;;
102;257;DUL009;1;0;0;E1;Ingreso al servicio;Descuento del 50% por compras en c.c.;29/09/2024;10128;10128;;
102;257;RAQ035;1;0;0;E1;Ingreso al servicio;Descuento del 50% por compras en c.c.;30/09/2024;10129;10129;;
102;257;IJK001;1;0;0;E1;Ingreso al servicio;Descuento del 50% por compras en c.c.;1/10/2024;10130;10130;;
102;257;CGC519;1;0;0;E1;Ingreso al servicio;Descuento del 50% por compras en c.c.;2/10/2024;10131;10131;;
102;257;ROB714;1;0;0;E1;Ingreso al servicio;Descuento del 50% por compras en c.c.;3/10/2024;10132;10132;;
102;257;AJT124;1;0;0;E1;Ingreso al servicio;Descuento del 50% por compras en c.c.;4/10/2024;10133;10133;;
102;257;COA721;1;0;0;E1;Ingreso al servicio;Descuento del 50% por compras en c.c.;5/10/2024;10134;10134;;
102;257;JJV112;1;0;0;E1;Ingreso al servicio;Descuento del 50% por compras en c.c.;6/10/2024;10135;10135;;
102;257;LED195;1;0;0;E1;Ingreso al servicio;Descuento del 50% por compras en c.c.;7/10/2024;10136;10136;;
102;257;MIT123;1;0;0;E1;Ingreso al servicio;Descuento del 50% por compras en c.c.;8/10/2024;10137;10137;;
102;257;NAJ352;1;0;0;E1;Ingreso al servicio;Descuento del 50% por compras en c.c.;9/10/2024;10138;10138;;
102;257;QWE000;1;0;0;E1;Ingreso al servicio;Descuento del 50% por compras en c.c.;10/10/2024;10139;10139;;
102;257;RTQ843;1;0;0;E1;Ingreso al servicio;Descuento del 50% por compras en c.c.;11/10/2024;10140;10140;;
102;257;DUL009;1;0;0;E1;Ingreso al servicio;Descuento del 50% por compras en c.c.;24/05/2024;10141;10141;;
102;257;RAQ035;1;0;0;E1;Ingreso al servicio;Descuento del 50% por compras en c.c.;25/05/2024;10142;10142;;
102;257;IJK001;1;0;0;E1;Ingreso al servicio;Descuento del 50% por compras en c.c.;26/05/2024;10143;10143;;
102;257;CGC519;1;0;0;E1;Ingreso al servicio;Descuento del 50% por compras en c.c.;27/05/2024;10144;10144;;
102;257;ROB714;1;0;0;E1;Ingreso al servicio;Descuento del 50% por compras en c.c.;28/05/2024;10145;10145;;
102;257;AJT124;1;0;0;E1;Ingreso al servicio;Descuento del 50% por compras en c.c.;29/05/2024;10146;10146;;
102;257;COA721;1;0;0;E1;Ingreso al servicio;Descuento del 50% por compras en c.c.;30/05/2024;10147;10147;;
102;257;JJV112;1;0;0;E1;Ingreso al servicio;Descuento del 50% por compras en c.c.;31/05/2024;10148;10148;;
102;257;LED195;1;0;0;E1;Ingreso al servicio;Descuento del 50% por compras en c.c.;1/06/2024;10149;10149;;
102;257;MIT123;1;0;0;E1;Ingreso al servicio;Descuento del 50% por compras en c.c.;2/06/2024;10150;10150;;
102;257;NAJ352;1;0;0;E1;Ingreso al servicio;Descuento del 50% por compras en c.c.;3/06/2024;10151;10151;;
102;257;QWE000;1;0;0;E1;Ingreso al servicio;Descuento del 50% por compras en c.c.;4/06/2024;10152;10152;;
102;257;RTQ843;1;0;0;E1;Ingreso al servicio;Descuento del 50% por compras en c.c.;5/06/2024;10153;10153;;
102;257;DUL009;1;0;0;E1;Ingreso al servicio;Descuento del 50% por compras en c.c.;6/06/2024;10154;10154;;
102;257;RAQ035;1;0;0;E1;Ingreso al servicio;Descuento del 50% por compras en c.c.;7/06/2024;10155;10155;;
102;257;IJK001;1;0;0;E1;Ingreso al servicio;Descuento del 50% por compras en c.c.;8/06/2024;10156;10156;;
102;257;CGC519;1;0;0;E1;Ingreso al servicio;Descuento del 50% por compras en c.c.;9/06/2024;10157;10157;;
102;257;ROB714;1;0;0;E1;Ingreso al servicio;Descuento del 50% por compras en c.c.;10/06/2024;10158;10158;;
102;257;AJT124;1;0;0;E1;Ingreso al servicio;Descuento del 50% por compras en c.c.;11/06/2024;10159;10159;;
102;257;COA721;1;0;0;E1;Ingreso al servicio;Descuento del 50% por compras en c.c.;12/06/2024;10160;10160;;
102;257;JJV112;1;0;0;E1;Ingreso al servicio;Descuento del 50% por compras en c.c.;13/06/2024;10161;10161;;
102;257;LED195;1;0;0;E1;Ingreso al servicio;Descuento del 50% por compras en c.c.;14/06/2024;10162;10162;;
102;257;MIT123;1;0;0;E1;Ingreso al servicio;Descuento del 50% por compras en c.c.;15/06/2024;10163;10163;;
102;257;NAJ352;1;0;0;E1;Ingreso al servicio;Descuento del 50% por compras en c.c.;16/06/2024;10164;10164;;
102;257;QWE000;1;0;0;E1;Ingreso al servicio;Descuento del 50% por compras en c.c.;17/06/2024;10165;10165;;
102;257;RTQ843;1;0;0;E1;Ingreso al servicio;Descuento del 50% por compras en c.c.;18/06/2024;10166;10166;;
102;257;DUL009;1;0;0;E1;Ingreso al servicio;Descuento del 50% por compras en c.c.;19/06/2024;10167;10167;;
102;257;RAQ035;1;0;0;E1;Ingreso al servicio;Descuento del 50% por compras en c.c.;20/06/2024;10168;10168;;
102;257;IJK001;1;0;0;E1;Ingreso al servicio;Descuento del 50% por compras en c.c.;21/06/2024;10169;10169;;
102;257;CGC519;1;0;0;E1;Ingreso al servicio;Descuento del 50% por compras en c.c.;22/06/2024;10170;10170;;
102;257;ROB714;1;0;0;E1;Ingreso al servicio;Descuento del 50% por compras en c.c.;23/06/2024;10171;10171;;
102;257;AJT124;1;0;0;E1;Ingreso al servicio;Descuento del 50% por compras en c.c.;24/06/2024;10172;10172;;
102;257;COA721;1;0;0;E1;Ingreso al servicio;Descuento del 50% por compras en c.c.;25/06/2024;10173;10173;;
102;257;JJV112;1;0;0;E1;Ingreso al servicio;Descuento del 50% por compras en c.c.;26/06/2024;10174;10174;;
102;257;LED195;1;0;0;E1;Ingreso al servicio;Descuento del 50% por compras en c.c.;27/06/2024;10175;10175;;
102;257;MIT123;1;0;0;E1;Ingreso al servicio;Descuento del 50% por compras en c.c.;28/06/2024;10176;10176;;
102;257;NAJ352;1;0;0;E1;Ingreso al servicio;Descuento del 50% por compras en c.c.;29/06/2024;10177;10177;;
102;257;QWE000;1;0;0;E1;Ingreso al servicio;Descuento del 50% por compras en c.c.;30/06/2024;10178;10178;;
102;257;RTQ843;1;0;0;E1;Ingreso al servicio;Descuento del 50% por compras en c.c.;1/07/2024;10179;10179;;
102;257;DUL009;1;0;0;E1;Ingreso al servicio;Descuento del 50% por compras en c.c.;2/07/2024;10180;10180;;
102;257;RAQ035;1;0;0;E1;Ingreso al servicio;Descuento del 50% por compras en c.c.;3/07/2024;10181;10181;;
102;257;IJK001;1;0;0;E1;Ingreso al servicio;Descuento del 50% por compras en c.c.;4/07/2024;10182;10182;;
102;257;CGC519;1;0;0;E1;Ingreso al servicio;Descuento del 50% por compras en c.c.;5/07/2024;10183;10183;;
102;257;ROB714;1;0;0;E1;Ingreso al servicio;Descuento del 50% por compras en c.c.;6/07/2024;10184;10184;;
102;257;AJT124;1;0;0;E1;Ingreso al servicio;Descuento del 50% por compras en c.c.;7/07/2024;10185;10185;;
102;257;COA721;1;0;0;E1;Ingreso al servicio;Descuento del 50% por compras en c.c.;8/07/2024;10186;10186;;
102;257;JJV112;1;0;0;E1;Ingreso al servicio;Descuento del 50% por compras en c.c.;9/07/2024;10187;10187;;
102;257;LED195;1;0;0;E1;Ingreso al servicio;Descuento del 50% por compras en c.c.;10/07/2024;10188;10188;;
102;257;MIT123;1;0;0;E1;Ingreso al servicio;Descuento del 50% por compras en c.c.;11/07/2024;10189;10189;;
102;257;NAJ352;1;0;0;E1;Ingreso al servicio;Descuento del 50% por compras en c.c.;12/07/2024;10190;10190;;
102;257;QWE000;1;0;0;E1;Ingreso al servicio;Descuento del 50% por compras en c.c.;13/07/2024;10191;10191;;
102;257;RTQ843;1;0;0;E1;Ingreso al servicio;Descuento del 50% por compras en c.c.;14/07/2024;10192;10192;;
102;257;DUL009;1;0;0;E1;Ingreso al servicio;Descuento del 50% por compras en c.c.;15/07/2024;10193;10193;;
102;257;RAQ035;1;0;0;E1;Ingreso al servicio;Descuento del 50% por compras en c.c.;16/07/2024;10194;10194;;
102;257;IJK001;1;0;0;E1;Ingreso al servicio;Descuento del 50% por compras en c.c.;17/07/2024;10195;10195;;
102;257;CGC519;1;0;0;E1;Ingreso al servicio;Descuento del 50% por compras en c.c.;18/07/2024;10196;10196;;
102;257;ROB714;1;0;0;E1;Ingreso al servicio;Descuento del 50% por compras en c.c.;19/07/2024;10197;10197;;
102;257;AJT124;1;0;0;E1;Ingreso al servicio;Descuento del 50% por compras en c.c.;20/07/2024;10198;10198;;
102;257;COA721;1;0;0;E1;Ingreso al servicio;Descuento del 50% por compras en c.c.;21/07/2024;10199;10199;;
102;257;JJV112;1;0;0;E1;Ingreso al servicio;Descuento del 50% por compras en c.c.;22/07/2024;10200;10200;;
102;257;LED195;1;0;0;E1;Ingreso al servicio;Descuento del 50% por compras en c.c.;23/07/2024;10201;10201;;
102;257;MIT123;1;0;0;E1;Ingreso al servicio;Descuento del 50% por compras en c.c.;24/07/2024;10202;10202;;
102;257;NAJ352;1;0;0;E1;Ingreso al servicio;Descuento del 50% por compras en c.c.;25/07/2024;10203;10203;;
102;257;QWE000;1;0;0;E1;Ingreso al servicio;Descuento del 50% por compras en c.c.;26/07/2024;10204;10204;;
102;257;RTQ843;1;0;0;E1;Ingreso al servicio;Descuento del 50% por compras en c.c.;27/07/2024;10205;10205;;
102;257;DUL009;1;0;0;E1;Ingreso al servicio;Descuento del 50% por compras en c.c.;28/07/2024;10206;10206;;
102;257;RAQ035;1;0;0;E1;Ingreso al servicio;Descuento del 50% por compras en c.c.;29/07/2024;10207;10207;;
102;257;IJK001;1;0;0;E1;Ingreso al servicio;Descuento del 50% por compras en c.c.;30/07/2024;10208;10208;;
102;257;CGC519;1;0;0;E1;Ingreso al servicio;Descuento del 50% por compras en c.c.;31/07/2024;10209;10209;;
102;257;ROB714;1;0;0;E1;Ingreso al servicio;Descuento del 50% por compras en c.c.;1/08/2024;10210;10210;;
102;257;AJT124;1;0;0;E1;Ingreso al servicio;Descuento del 50% por compras en c.c.;2/08/2024;10211;10211;;
102;257;COA721;1;0;0;E1;Ingreso al servicio;Descuento del 50% por compras en c.c.;3/08/2024;10212;10212;;
102;257;JJV112;1;0;0;E1;Ingreso al servicio;Descuento del 50% por compras en c.c.;4/08/2024;10213;10213;;
102;257;LED195;1;0;0;E1;Ingreso al servicio;Descuento del 50% por compras en c.c.;5/08/2024;10214;10214;;
102;257;MIT123;1;0;0;E1;Ingreso al servicio;Descuento del 50% por compras en c.c.;6/08/2024;10215;10215;;
102;257;NAJ352;1;0;0;E1;Ingreso al servicio;Descuento del 50% por compras en c.c.;7/08/2024;10216;10216;;
102;257;QWE000;1;0;0;E1;Ingreso al servicio;Descuento del 50% por compras en c.c.;8/08/2024;10217;10217;;
102;257;RTQ843;1;0;0;E1;Ingreso al servicio;Descuento del 50% por compras en c.c.;9/08/2024;10218;10218;;
102;257;DUL009;1;0;0;E1;Ingreso al servicio;Descuento del 50% por compras en c.c.;10/08/2024;10219;10219;;
102;257;RAQ035;1;0;0;E1;Ingreso al servicio;Descuento del 50% por compras en c.c.;11/08/2024;10220;10220;;
102;257;IJK001;1;0;0;E1;Ingreso al servicio;Descuento del 50% por compras en c.c.;12/08/2024;10221;10221;;
102;257;CGC519;1;0;0;E1;Ingreso al servicio;Descuento del 50% por compras en c.c.;13/08/2024;10222;10222;;
102;257;ROB714;1;0;0;E1;Ingreso al servicio;Descuento del 50% por compras en c.c.;14/08/2024;10223;10223;;
102;257;AJT124;1;0;0;E1;Ingreso al servicio;Descuento del 50% por compras en c.c.;15/08/2024;10224;10224;;
102;257;COA721;1;0;0;E1;Ingreso al servicio;Descuento del 50% por compras en c.c.;16/08/2024;10225;10225;;
102;257;JJV112;1;0;0;E1;Ingreso al servicio;Descuento del 50% por compras en c.c.;17/08/2024;10226;10226;;
102;257;LED195;1;0;0;E1;Ingreso al servicio;Descuento del 50% por compras en c.c.;18/08/2024;10227;10227;;
102;257;MIT123;1;0;0;E1;Ingreso al servicio;Descuento del 50% por compras en c.c.;19/08/2024;10228;10228;;
102;257;NAJ352;1;0;0;E1;Ingreso al servicio;Descuento del 50% por compras en c.c.;20/08/2024;10229;10229;;
102;257;QWE000;1;0;0;E1;Ingreso al servicio;Descuento del 50% por compras en c.c.;21/08/2024;10230;10230;;
102;257;RTQ843;1;0;0;E1;Ingreso al servicio;Descuento del 50% por compras en c.c.;22/08/2024;10231;10231;;
102;257;DUL009;1;0;0;E1;Ingreso al servicio;Descuento del 50% por compras en c.c.;23/08/2024;10232;10232;;
102;257;RAQ035;1;0;0;E1;Ingreso al servicio;Descuento del 50% por compras en c.c.;24/08/2024;10233;10233;;
102;257;IJK001;1;0;0;E1;Ingreso al servicio;Descuento del 50% por compras en c.c.;25/08/2024;10234;10234;;
102;257;CGC519;1;0;0;E1;Ingreso al servicio;Descuento del 50% por compras en c.c.;26/08/2024;10235;10235;;
102;257;ROB714;1;0;0;E1;Ingreso al servicio;Descuento del 50% por compras en c.c.;27/08/2024;10236;10236;;
102;257;AJT124;1;0;0;E1;Ingreso al servicio;Descuento del 50% por compras en c.c.;28/08/2024;10237;10237;;
102;257;COA721;1;0;0;E1;Ingreso al servicio;Descuento del 50% por compras en c.c.;29/08/2024;10238;10238;;
102;257;JJV112;1;0;0;E1;Ingreso al servicio;Descuento del 50% por compras en c.c.;30/08/2024;10239;10239;;
102;257;LED195;1;0;0;E1;Ingreso al servicio;Descuento del 50% por compras en c.c.;31/08/2024;10240;10240;;
102;257;MIT123;1;0;0;E1;Ingreso al servicio;Descuento del 50% por compras en c.c.;1/09/2024;10241;10241;;
102;257;NAJ352;1;0;0;E1;Ingreso al servicio;Descuento del 50% por compras en c.c.;2/09/2024;10242;10242;;
102;257;QWE000;1;0;0;E1;Ingreso al servicio;Descuento del 50% por compras en c.c.;3/09/2024;10243;10243;;
102;257;RTQ843;1;0;0;E1;Ingreso al servicio;Descuento del 50% por compras en c.c.;4/09/2024;10244;10244;;
102;257;DUL009;1;0;0;E1;Ingreso al servicio;Descuento del 50% por compras en c.c.;5/09/2024;10245;10245;;
102;257;RAQ035;1;0;0;E1;Ingreso al servicio;Descuento del 50% por compras en c.c.;6/09/2024;10246;10246;;
102;257;IJK001;1;0;0;E1;Ingreso al servicio;Descuento del 50% por compras en c.c.;7/09/2024;10247;10247;;
102;257;CGC519;1;0;0;E1;Ingreso al servicio;Descuento del 50% por compras en c.c.;8/09/2024;10248;10248;;
102;257;ROB714;1;0;0;E1;Ingreso al servicio;Descuento del 50% por compras en c.c.;9/09/2024;10249;10249;;
102;257;AJT124;1;0;0;E1;Ingreso al servicio;Descuento del 50% por compras en c.c.;10/09/2024;10250;10250;;
102;257;COA721;1;0;0;E1;Ingreso al servicio;Descuento del 50% por compras en c.c.;11/09/2024;10251;10251;;
102;257;JJV112;1;0;0;E1;Ingreso al servicio;Descuento del 50% por compras en c.c.;12/09/2024;10252;10252;;
102;257;LED195;1;0;0;E1;Ingreso al servicio;Descuento del 50% por compras en c.c.;13/09/2024;10253;10253;;
102;257;MIT123;1;0;0;E1;Ingreso al servicio;Descuento del 50% por compras en c.c.;14/09/2024;10254;10254;;
102;257;NAJ352;1;0;0;E1;Ingreso al servicio;Descuento del 50% por compras en c.c.;15/09/2024;10255;10255;;
102;257;QWE000;1;0;0;E1;Ingreso al servicio;Descuento del 50% por compras en c.c.;16/09/2024;10256;10256;;
102;257;RTQ843;1;0;0;E1;Ingreso al servicio;Descuento del 50% por compras en c.c.;17/09/2024;10257;10257;;
102;257;DUL009;1;0;0;E1;Ingreso al servicio;Descuento del 50% por compras en c.c.;18/09/2024;10258;10258;;
102;257;RAQ035;1;0;0;E1;Ingreso al servicio;Descuento del 50% por compras en c.c.;19/09/2024;10259;10259;;
102;257;IJK001;1;0;0;E1;Ingreso al servicio;Descuento del 50% por compras en c.c.;20/09/2024;10260;10260;;
102;257;CGC519;1;0;0;E1;Ingreso al servicio;Descuento del 50% por compras en c.c.;21/09/2024;10261;10261;;
102;257;ROB714;1;0;0;E1;Ingreso al servicio;Descuento del 50% por compras en c.c.;22/09/2024;10262;10262;;
102;257;AJT124;1;0;0;E1;Ingreso al servicio;Descuento del 50% por compras en c.c.;23/09/2024;10263;10263;;
102;257;COA721;1;0;0;E1;Ingreso al servicio;Descuento del 50% por compras en c.c.;24/09/2024;10264;10264;;
102;257;JJV112;1;0;0;E1;Ingreso al servicio;Descuento del 50% por compras en c.c.;25/09/2024;10265;10265;;
102;257;LED195;1;0;0;E1;Ingreso al servicio;Descuento del 50% por compras en c.c.;26/09/2024;10266;10266;;
102;257;MIT123;1;0;0;E1;Ingreso al servicio;Descuento del 50% por compras en c.c.;27/09/2024;10267;10267;;
102;257;NAJ352;1;0;0;E1;Ingreso al servicio;Descuento del 50% por compras en c.c.;28/09/2024;10268;10268;;
102;257;QWE000;1;0;0;E1;Ingreso al servicio;Descuento del 50% por compras en c.c.;29/09/2024;10269;10269;;
102;257;RTQ843;1;0;0;E1;Ingreso al servicio;Descuento del 50% por compras en c.c.;30/09/2024;10270;10270;;
102;257;DUL009;1;0;0;E1;Ingreso al servicio;Descuento del 50% por compras en c.c.;1/10/2024;10271;10271;;
102;257;RAQ035;1;0;0;E1;Ingreso al servicio;Descuento del 50% por compras en c.c.;2/10/2024;10272;10272;;
102;257;IJK001;1;0;0;E1;Ingreso al servicio;Descuento del 50% por compras en c.c.;3/10/2024;10273;10273;;
102;257;CGC519;1;0;0;E1;Ingreso al servicio;Descuento del 50% por compras en c.c.;4/10/2024;10274;10274;;
102;257;ROB714;1;0;0;E1;Ingreso al servicio;Descuento del 50% por compras en c.c.;5/10/2024;10275;10275;;
102;257;AJT124;1;0;0;E1;Ingreso al servicio;Descuento del 50% por compras en c.c.;6/10/2024;10276;10276;;
102;257;COA721;1;0;0;E1;Ingreso al servicio;Descuento del 50% por compras en c.c.;7/10/2024;10277;10277;;
102;257;JJV112;1;0;0;E1;Ingreso al servicio;Descuento del 50% por compras en c.c.;8/10/2024;10278;10278;;
102;257;LED195;1;0;0;E1;Ingreso al servicio;Descuento del 50% por compras en c.c.;9/10/2024;10279;10279;;
102;257;MIT123;1;0;0;E1;Ingreso al servicio;Descuento del 50% por compras en c.c.;10/10/2024;10280;10280;;
102;257;NAJ352;1;0;0;E1;Ingreso al servicio;Descuento del 50% por compras en c.c.;11/10/2024;10281;10281;;
102;257;QWE000;1;0;0;E1;Ingreso al servicio;Descuento del 50% por compras en c.c.;24/05/2024;10282;10282;;
102;257;BAE724;1;0;0;E1;Ingreso al servicio;Descuento del 50% por compras en c.c.;25/05/2024;10283;10283;;
102;257;ABC139;1;0;0;E1;Ingreso al servicio;Descuento del 50% por compras en c.c.;26/05/2024;10284;10284;;
102;257;BBE922;1;0;0;E1;Ingreso al servicio;Descuento del 50% por compras en c.c.;27/05/2024;10285;10285;;
102;257;BEC497;1;0;0;E1;Ingreso al servicio;Descuento del 50% por compras en c.c.;28/05/2024;10286;10286;;
102;257;ABC917;1;0;0;E1;Ingreso al servicio;Descuento del 50% por compras en c.c.;29/05/2024;10287;10287;;
102;257;AAC346;1;0;0;E1;Ingreso al servicio;Descuento del 50% por compras en c.c.;30/05/2024;10288;10288;;
102;257;ASF431;1;0;0;E1;Ingreso al servicio;Descuento del 50% por compras en c.c.;31/05/2024;10289;10289;;
102;257;BCE038;1;0;0;E1;Ingreso al servicio;Descuento del 50% por compras en c.c.;1/06/2024;10290;10290;;
102;257;BBD040;1;0;0;E1;Ingreso al servicio;Descuento del 50% por compras en c.c.;2/06/2024;10291;10291;;
102;257;BAA886;1;0;0;E1;Ingreso al servicio;Descuento del 50% por compras en c.c.;3/06/2024;10292;10292;;
102;257;BEA695;1;0;0;E1;Ingreso al servicio;Descuento del 50% por compras en c.c.;4/06/2024;10293;10293;;
102;257;AAB643;1;0;0;E1;Ingreso al servicio;Descuento del 50% por compras en c.c.;5/06/2024;10294;10294;;
102;257;ADE450;1;0;0;E1;Ingreso al servicio;Descuento del 50% por compras en c.c.;6/06/2024;10295;10295;;
102;257;ABE374;1;0;0;E1;Ingreso al servicio;Descuento del 50% por compras en c.c.;7/06/2024;10296;10296;;
102;257;BBC813;1;0;0;E1;Ingreso al servicio;Descuento del 50% por compras en c.c.;8/06/2024;10297;10297;;
102;257;BEB581;1;0;0;E1;Ingreso al servicio;Descuento del 50% por compras en c.c.;9/06/2024;10298;10298;;
102;257;ABA098;1;0;0;E1;Ingreso al servicio;Descuento del 50% por compras en c.c.;10/06/2024;10299;10299;;
102;257;AED082;1;0;0;E1;Ingreso al servicio;Descuento del 50% por compras en c.c.;11/06/2024;10300;10300;;
102;257;ACB568;1;0;0;E1;Ingreso al servicio;Descuento del 50% por compras en c.c.;12/06/2024;10301;10301;;
102;257;AEA248;1;0;0;E1;Ingreso al servicio;Descuento del 50% por compras en c.c.;13/06/2024;10302;10302;;
102;257;BDA775;1;0;0;E1;Ingreso al servicio;Descuento del 50% por compras en c.c.;14/06/2024;10303;10303;;
102;257;CAC273;1;0;0;E1;Ingreso al servicio;Descuento del 50% por compras en c.c.;15/06/2024;10304;10304;;
102;257;ABA827;1;0;0;E1;Ingreso al servicio;Descuento del 50% por compras en c.c.;16/06/2024;10305;10305;;
102;257;ACB649;1;0;0;E1;Ingreso al servicio;Descuento del 50% por compras en c.c.;17/06/2024;10306;10306;;
102;257;AEC073;1;0;0;E1;Ingreso al servicio;Descuento del 50% por compras en c.c.;18/06/2024;10307;10307;;
102;257;ACB384;1;0;0;E1;Ingreso al servicio;Descuento del 50% por compras en c.c.;19/06/2024;10308;10308;;
102;257;AAD326;1;0;0;E1;Ingreso al servicio;Descuento del 50% por compras en c.c.;20/06/2024;10309;10309;;
102;257;BCE147;1;0;0;E1;Ingreso al servicio;Descuento del 50% por compras en c.c.;21/06/2024;10310;10310;;
102;257;BBC699;1;0;0;E1;Ingreso al servicio;Descuento del 50% por compras en c.c.;22/06/2024;10311;10311;;
102;257;BAB995;1;0;0;E1;Ingreso al servicio;Descuento del 50% por compras en c.c.;23/06/2024;10312;10312;;
102;257;BAB239;1;0;0;E1;Ingreso al servicio;Descuento del 50% por compras en c.c.;24/06/2024;10313;10313;;
102;257;ADD170;1;0;0;E1;Ingreso al servicio;Descuento del 50% por compras en c.c.;25/06/2024;10314;10314;;
102;257;BAB450;1;0;0;E1;Ingreso al servicio;Descuento del 50% por compras en c.c.;26/06/2024;10315;10315;;
102;257;BDA447;1;0;0;E1;Ingreso al servicio;Descuento del 50% por compras en c.c.;27/06/2024;10316;10316;;
102;257;BDE054;1;0;0;E1;Ingreso al servicio;Descuento del 50% por compras en c.c.;28/06/2024;10317;10317;;
102;257;AAC461;1;0;0;E1;Ingreso al servicio;Descuento del 50% por compras en c.c.;29/06/2024;10318;10318;;
102;257;CAD741;1;0;0;E1;Ingreso al servicio;Descuento del 50% por compras en c.c.;30/06/2024;10319;10319;;
102;257;AAE733;1;0;0;E1;Ingreso al servicio;Descuento del 50% por compras en c.c.;1/07/2024;10320;10320;;
102;257;BBA993;1;0;0;E1;Ingreso al servicio;Descuento del 50% por compras en c.c.;2/07/2024;10321;10321;;
102;257;ADE640;1;0;0;E1;Ingreso al servicio;Descuento del 50% por compras en c.c.;3/07/2024;10322;10322;;
102;257;BEA890;1;0;0;E1;Ingreso al servicio;Descuento del 50% por compras en c.c.;4/07/2024;10323;10323;;
102;257;ABA987;1;0;0;E1;Ingreso al servicio;Descuento del 50% por compras en c.c.;5/07/2024;10324;10324;;
102;257;BEE058;1;0;0;E1;Ingreso al servicio;Descuento del 50% por compras en c.c.;6/07/2024;10325;10325;;
102;257;BCD647;1;0;0;E1;Ingreso al servicio;Descuento del 50% por compras en c.c.;7/07/2024;10326;10326;;
102;257;BBE394;1;0;0;E1;Ingreso al servicio;Descuento del 50% por compras en c.c.;8/07/2024;10327;10327;;
102;257;BEE405;1;0;0;E1;Ingreso al servicio;Descuento del 50% por compras en c.c.;9/07/2024;10328;10328;;
102;257;CAD982;1;0;0;E1;Ingreso al servicio;Descuento del 50% por compras en c.c.;10/07/2024;10329;10329;;
102;257;III123;1;0;0;E1;Ingreso al servicio;Descuento del 50% por compras en c.c.;11/07/2024;10330;10330;;
102;257;BEB872;1;0;0;E1;Ingreso al servicio;Descuento del 50% por compras en c.c.;12/07/2024;10331;10331;;
102;257;EEE991;1;0;0;E1;Ingreso al servicio;Descuento del 50% por compras en c.c.;13/07/2024;10332;10332;;
102;257;ADE373;1;0;0;E1;Ingreso al servicio;Descuento del 50% por compras en c.c.;14/07/2024;10333;10333;;
102;257;BBD043;1;0;0;E1;Ingreso al servicio;Descuento del 50% por compras en c.c.;15/07/2024;10334;10334;;
102;257;ACC539;1;0;0;E1;Ingreso al servicio;Descuento del 50% por compras en c.c.;16/07/2024;10335;10335;;
102;257;ADE354;1;0;0;E1;Ingreso al servicio;Descuento del 50% por compras en c.c.;17/07/2024;10336;10336;;
102;257;AEC631;1;0;0;E1;Ingreso al servicio;Descuento del 50% por compras en c.c.;18/07/2024;10337;10337;;
102;257;AAC703;1;0;0;E1;Ingreso al servicio;Descuento del 50% por compras en c.c.;19/07/2024;10338;10338;;
102;257;BEA974;1;0;0;E1;Ingreso al servicio;Descuento del 50% por compras en c.c.;20/07/2024;10339;10339;;
102;257;ADD648;1;0;0;E1;Ingreso al servicio;Descuento del 50% por compras en c.c.;21/07/2024;10340;10340;;
102;257;BAA168;1;0;0;E1;Ingreso al servicio;Descuento del 50% por compras en c.c.;22/07/2024;10341;10341;;
102;257;BDA507;1;0;0;E1;Ingreso al servicio;Descuento del 50% por compras en c.c.;23/07/2024;10342;10342;;
102;257;ADE123;1;0;0;E1;Ingreso al servicio;Descuento del 50% por compras en c.c.;24/07/2024;10343;10343;;
102;257;CAC517;1;0;0;E1;Ingreso al servicio;Descuento del 50% por compras en c.c.;25/07/2024;10344;10344;;
102;257;CAD098;1;0;0;E1;Ingreso al servicio;Descuento del 50% por compras en c.c.;26/07/2024;10345;10345;;
102;257;CAD308;1;0;0;E1;Ingreso al servicio;Descuento del 50% por compras en c.c.;27/07/2024;10346;10346;;
102;257;AEC966;1;0;0;E1;Ingreso al servicio;Descuento del 50% por compras en c.c.;28/07/2024;10347;10347;;
102;257;ADD180;1;0;0;E1;Ingreso al servicio;Descuento del 50% por compras en c.c.;29/07/2024;10348;10348;;
102;257;BAD663;1;0;0;E1;Ingreso al servicio;Descuento del 50% por compras en c.c.;30/07/2024;10349;10349;;
102;257;ABA474;1;0;0;E1;Ingreso al servicio;Descuento del 50% por compras en c.c.;31/07/2024;10350;10350;;
102;257;AAE606;1;0;0;E1;Ingreso al servicio;Descuento del 50% por compras en c.c.;1/08/2024;10351;10351;;
102;257;BBA558;1;0;0;E1;Ingreso al servicio;Descuento del 50% por compras en c.c.;2/08/2024;10352;10352;;
102;257;BEC593;1;0;0;E1;Ingreso al servicio;Descuento del 50% por compras en c.c.;3/08/2024;10353;10353;;
102;257;BEE708;1;0;0;E1;Ingreso al servicio;Descuento del 50% por compras en c.c.;4/08/2024;10354;10354;;
102;257;ABB081;1;0;0;E1;Ingreso al servicio;Descuento del 50% por compras en c.c.;5/08/2024;10355;10355;;
102;257;AED049;1;0;0;E1;Ingreso al servicio;Descuento del 50% por compras en c.c.;6/08/2024;10356;10356;;
102;257;CAD734;1;0;0;E1;Ingreso al servicio;Descuento del 50% por compras en c.c.;7/08/2024;10357;10357;;
102;257;CAE173;1;0;0;E1;Ingreso al servicio;Descuento del 50% por compras en c.c.;8/08/2024;10358;10358;;
102;257;SAS828;1;0;0;E1;Ingreso al servicio;Descuento del 50% por compras en c.c.;9/08/2024;10359;10359;;
102;257;ABB453;1;0;0;E1;Ingreso al servicio;Descuento del 50% por compras en c.c.;10/08/2024;10360;10360;;
102;257;AAC453;1;0;0;E1;Ingreso al servicio;Descuento del 50% por compras en c.c.;11/08/2024;10361;10361;;
102;257;ABB034;1;0;0;E1;Ingreso al servicio;Descuento del 50% por compras en c.c.;12/08/2024;10362;10362;;
102;257;ADB006;1;0;0;E1;Ingreso al servicio;Descuento del 50% por compras en c.c.;13/08/2024;10363;10363;;
102;257;BEA712;1;0;0;E1;Ingreso al servicio;Descuento del 50% por compras en c.c.;14/08/2024;10364;10364;;
102;257;ABE165;1;0;0;E1;Ingreso al servicio;Descuento del 50% por compras en c.c.;15/08/2024;10365;10365;;
102;257;CAD913;1;0;0;E1;Ingreso al servicio;Descuento del 50% por compras en c.c.;16/08/2024;10366;10366;;
102;257;BAB540;1;0;0;E1;Ingreso al servicio;Descuento del 50% por compras en c.c.;17/08/2024;10367;10367;;
102;257;ABA198;1;0;0;E1;Ingreso al servicio;Descuento del 50% por compras en c.c.;18/08/2024;10368;10368;;
102;257;BAB410;1;0;0;E1;Ingreso al servicio;Descuento del 50% por compras en c.c.;19/08/2024;10369;10369;;
102;257;ADD159;1;0;0;E1;Ingreso al servicio;Descuento del 50% por compras en c.c.;20/08/2024;10370;10370;;
102;257;BDA803;1;0;0;E1;Ingreso al servicio;Descuento del 50% por compras en c.c.;21/08/2024;10371;10371;;
102;257;ACC476;1;0;0;E1;Ingreso al servicio;Descuento del 50% por compras en c.c.;22/08/2024;10372;10372;;
102;257;BDA755;1;0;0;E1;Ingreso al servicio;Descuento del 50% por compras en c.c.;23/08/2024;10373;10373;;
102;257;ADD714;1;0;0;E1;Ingreso al servicio;Descuento del 50% por compras en c.c.;24/08/2024;10374;10374;;
102;257;CAD886;1;0;0;E1;Ingreso al servicio;Descuento del 50% por compras en c.c.;25/08/2024;10375;10375;;
102;257;CAD765;1;0;0;E1;Ingreso al servicio;Descuento del 50% por compras en c.c.;26/08/2024;10376;10376;;
102;257;BAB428;1;0;0;E1;Ingreso al servicio;Descuento del 50% por compras en c.c.;27/08/2024;10377;10377;;
102;257;AED023;1;0;0;E1;Ingreso al servicio;Descuento del 50% por compras en c.c.;28/08/2024;10378;10378;;
102;257;BCB465;1;0;0;E1;Ingreso al servicio;Descuento del 50% por compras en c.c.;29/08/2024;10379;10379;;
102;257;ADA289;1;0;0;E1;Ingreso al servicio;Descuento del 50% por compras en c.c.;30/08/2024;10380;10380;;
102;257;ACD155;1;0;0;E1;Ingreso al servicio;Descuento del 50% por compras en c.c.;31/08/2024;10381;10381;;
102;257;ADE066;1;0;0;E1;Ingreso al servicio;Descuento del 50% por compras en c.c.;1/09/2024;10382;10382;;
102;257;BAA408;1;0;0;E1;Ingreso al servicio;Descuento del 50% por compras en c.c.;2/09/2024;10383;10383;;
102;257;BCC079;1;0;0;E1;Ingreso al servicio;Descuento del 50% por compras en c.c.;3/09/2024;10384;10384;;
102;257;ACD062;1;0;0;E1;Ingreso al servicio;Descuento del 50% por compras en c.c.;4/09/2024;10385;10385;;
102;257;HNA123;1;0;0;E1;Ingreso al servicio;Descuento del 50% por compras en c.c.;5/09/2024;10386;10386;;
102;257;ADA087;1;0;0;E1;Ingreso al servicio;Descuento del 50% por compras en c.c.;6/09/2024;10387;10387;;
102;257;BAC049;1;0;0;E1;Ingreso al servicio;Descuento del 50% por compras en c.c.;7/09/2024;10388;10388;;
102;257;BAB463;1;0;0;E1;Ingreso al servicio;Descuento del 50% por compras en c.c.;8/09/2024;10389;10389;;
102;257;BCD023;1;0;0;E1;Ingreso al servicio;Descuento del 50% por compras en c.c.;9/09/2024;10390;10390;;
102;257;CAE108;1;0;0;E1;Ingreso al servicio;Descuento del 50% por compras en c.c.;10/09/2024;10391;10391;;
102;257;ADB121;1;0;0;E1;Ingreso al servicio;Descuento del 50% por compras en c.c.;11/09/2024;10392;10392;;
102;257;ACC981;1;0;0;E1;Ingreso al servicio;Descuento del 50% por compras en c.c.;12/09/2024;10393;10393;;
102;257;BAC067;1;0;0;E1;Ingreso al servicio;Descuento del 50% por compras en c.c.;13/09/2024;10394;10394;;
102;257;BMN001;1;0;0;E1;Ingreso al servicio;Descuento del 50% por compras en c.c.;14/09/2024;10395;10395;;
102;257;BBA321;1;0;0;E1;Ingreso al servicio;Descuento del 50% por compras en c.c.;15/09/2024;10396;10396;;
102;257;BED477;1;0;0;E1;Ingreso al servicio;Descuento del 50% por compras en c.c.;16/09/2024;10397;10397;;
102;257;ADE488;1;0;0;E1;Ingreso al servicio;Descuento del 50% por compras en c.c.;17/09/2024;10398;10398;;
102;257;ADB077;1;0;0;E1;Ingreso al servicio;Descuento del 50% por compras en c.c.;18/09/2024;10399;10399;;
102;257;ABC697;1;0;0;E1;Ingreso al servicio;Descuento del 50% por compras en c.c.;19/09/2024;10400;10400;;
102;257;ABD258;1;0;0;E1;Ingreso al servicio;Descuento del 50% por compras en c.c.;20/09/2024;10401;10401;;
102;257;ACD321;1;0;0;E1;Ingreso al servicio;Descuento del 50% por compras en c.c.;21/09/2024;10402;10402;;
102;257;ACC691;1;0;0;E1;Ingreso al servicio;Descuento del 50% por compras en c.c.;22/09/2024;10403;10403;;
102;257;BBB961;1;0;0;E1;Ingreso al servicio;Descuento del 50% por compras en c.c.;23/09/2024;10404;10404;;
102;257;BBC890;1;0;0;E1;Ingreso al servicio;Descuento del 50% por compras en c.c.;24/09/2024;10405;10405;;
102;257;CAB495;1;0;0;E1;Ingreso al servicio;Descuento del 50% por compras en c.c.;25/09/2024;10406;10406;;
102;257;AAD467;1;0;0;E1;Ingreso al servicio;Descuento del 50% por compras en c.c.;26/09/2024;10407;10407;;
102;257;ACE568;1;0;0;E1;Ingreso al servicio;Descuento del 50% por compras en c.c.;27/09/2024;10408;10408;;
102;257;ABC970;1;0;0;E1;Ingreso al servicio;Descuento del 50% por compras en c.c.;28/09/2024;10409;10409;;
102;257;BCA240;1;0;0;E1;Ingreso al servicio;Descuento del 50% por compras en c.c.;29/09/2024;10410;10410;;
102;257;ACD355;1;0;0;E1;Ingreso al servicio;Descuento del 50% por compras en c.c.;30/09/2024;10411;10411;;
102;257;CAD465;1;0;0;E1;Ingreso al servicio;Descuento del 50% por compras en c.c.;1/10/2024;10412;10412;;
102;257;ABA633;1;0;0;E1;Ingreso al servicio;Descuento del 50% por compras en c.c.;2/10/2024;10413;10413;;
102;257;ACB087;1;0;0;E1;Ingreso al servicio;Descuento del 50% por compras en c.c.;3/10/2024;10414;10414;;
102;257;BAB284;1;0;0;E1;Ingreso al servicio;Descuento del 50% por compras en c.c.;4/10/2024;10415;10415;;
102;257;CAE032;1;0;0;E1;Ingreso al servicio;Descuento del 50% por compras en c.c.;5/10/2024;10416;10416;;
102;257;ADC054;1;0;0;E1;Ingreso al servicio;Descuento del 50% por compras en c.c.;6/10/2024;10417;10417;;
102;257;FRT123;1;0;0;E1;Ingreso al servicio;Descuento del 50% por compras en c.c.;7/10/2024;10418;10418;;
102;257;AAC540;1;0;0;E1;Ingreso al servicio;Descuento del 50% por compras en c.c.;8/10/2024;10419;10419;;
102;257;ADE061;1;0;0;E1;Ingreso al servicio;Descuento del 50% por compras en c.c.;9/10/2024;10420;10420;;
102;257;BDC343;1;0;0;E1;Ingreso al servicio;Descuento del 50% por compras en c.c.;10/10/2024;10421;10421;;
102;257;BBB845;1;0;0;E1;Ingreso al servicio;Descuento del 50% por compras en c.c.;11/10/2024;10422;10422;;
102;257;ACE983;1;0;0;E1;Ingreso al servicio;Descuento del 50% por compras en c.c.;24/05/2024;10423;10423;;
102;257;ACD143;1;0;0;E1;Ingreso al servicio;Descuento del 50% por compras en c.c.;25/05/2024;10424;10424;;
102;257;BDC093;1;0;0;E1;Ingreso al servicio;Descuento del 50% por compras en c.c.;26/05/2024;10425;10425;;
102;257;CAD074;1;0;0;E1;Ingreso al servicio;Descuento del 50% por compras en c.c.;27/05/2024;10426;10426;;
102;257;CAD498;1;0;0;E1;Ingreso al servicio;Descuento del 50% por compras en c.c.;28/05/2024;10427;10427;;
102;257;BAA450;1;0;0;E1;Ingreso al servicio;Descuento del 50% por compras en c.c.;29/05/2024;10428;10428;;
102;257;ABB582;1;0;0;E1;Ingreso al servicio;Descuento del 50% por compras en c.c.;30/05/2024;10429;10429;;
102;257;CAB228;1;0;0;E1;Ingreso al servicio;Descuento del 50% por compras en c.c.;31/05/2024;10430;10430;;
102;257;BDA912;1;0;0;E1;Ingreso al servicio;Descuento del 50% por compras en c.c.;1/06/2024;10431;10431;;
102;257;LMA530;1;0;0;E1;Ingreso al servicio;Descuento del 50% por compras en c.c.;2/06/2024;10432;10432;;
102;257;BAA573;1;0;0;E1;Ingreso al servicio;Descuento del 50% por compras en c.c.;3/06/2024;10433;10433;;
102;257;BAB786;1;0;0;E1;Ingreso al servicio;Descuento del 50% por compras en c.c.;4/06/2024;10434;10434;;
102;257;BCB567;1;0;0;E1;Ingreso al servicio;Descuento del 50% por compras en c.c.;5/06/2024;10435;10435;;
102;257;ACB753;1;0;0;E1;Ingreso al servicio;Descuento del 50% por compras en c.c.;6/06/2024;10436;10436;;
102;257;BEB693;1;0;0;E1;Ingreso al servicio;Descuento del 50% por compras en c.c.;7/06/2024;10437;10437;;
102;257;BAB088;1;0;0;E1;Ingreso al servicio;Descuento del 50% por compras en c.c.;8/06/2024;10438;10438;;
102;257;BAD831;1;0;0;E1;Ingreso al servicio;Descuento del 50% por compras en c.c.;9/06/2024;10439;10439;;
102;257;BEA830;1;0;0;E1;Ingreso al servicio;Descuento del 50% por compras en c.c.;10/06/2024;10440;10440;;
102;257;AAB148;1;0;0;E1;Ingreso al servicio;Descuento del 50% por compras en c.c.;11/06/2024;10441;10441;;
102;257;BEB033;1;0;0;E1;Ingreso al servicio;Descuento del 50% por compras en c.c.;12/06/2024;10442;10442;;
102;257;AEB404;1;0;0;E1;Ingreso al servicio;Descuento del 50% por compras en c.c.;13/06/2024;10443;10443;;
102;257;AEB600;1;0;0;E1;Ingreso al servicio;Descuento del 50% por compras en c.c.;14/06/2024;10444;10444;;
102;257;ACC174;1;0;0;E1;Ingreso al servicio;Descuento del 50% por compras en c.c.;15/06/2024;10445;10445;;
102;257;BBD537;1;0;0;E1;Ingreso al servicio;Descuento del 50% por compras en c.c.;16/06/2024;10446;10446;;
102;257;BCA573;1;0;0;E1;Ingreso al servicio;Descuento del 50% por compras en c.c.;17/06/2024;10447;10447;;
102;257;BCA070;1;0;0;E1;Ingreso al servicio;Descuento del 50% por compras en c.c.;18/06/2024;10448;10448;;
102;257;BAA328;1;0;0;E1;Ingreso al servicio;Descuento del 50% por compras en c.c.;19/06/2024;10449;10449;;
102;257;AEC893;1;0;0;E1;Ingreso al servicio;Descuento del 50% por compras en c.c.;20/06/2024;10450;10450;;
102;257;ADC802;1;0;0;E1;Ingreso al servicio;Descuento del 50% por compras en c.c.;21/06/2024;10451;10451;;
102;257;BAB845;1;0;0;E1;Ingreso al servicio;Descuento del 50% por compras en c.c.;22/06/2024;10452;10452;;
102;257;FRA012;1;0;0;E1;Ingreso al servicio;Descuento del 50% por compras en c.c.;23/06/2024;10453;10453;;
102;257;BBA741;1;0;0;E1;Ingreso al servicio;Descuento del 50% por compras en c.c.;24/06/2024;10454;10454;;
102;257;BEA605;1;0;0;E1;Ingreso al servicio;Descuento del 50% por compras en c.c.;25/06/2024;10455;10455;;
102;257;AEA321;1;0;0;E1;Ingreso al servicio;Descuento del 50% por compras en c.c.;26/06/2024;10456;10456;;
102;257;ACB907;1;0;0;E1;Ingreso al servicio;Descuento del 50% por compras en c.c.;27/06/2024;10457;10457;;
102;257;ACA961;1;0;0;E1;Ingreso al servicio;Descuento del 50% por compras en c.c.;28/06/2024;10458;10458;;
102;257;BDD297;1;0;0;E1;Ingreso al servicio;Descuento del 50% por compras en c.c.;29/06/2024;10459;10459;;
102;257;BCD997;1;0;0;E1;Ingreso al servicio;Descuento del 50% por compras en c.c.;30/06/2024;10460;10460;;
102;257;CAB220;1;0;0;E1;Ingreso al servicio;Descuento del 50% por compras en c.c.;1/07/2024;10461;10461;;
102;257;CAB728;1;0;0;E1;Ingreso al servicio;Descuento del 50% por compras en c.c.;2/07/2024;10462;10462;;
102;257;BEE321;1;0;0;E1;Ingreso al servicio;Descuento del 50% por compras en c.c.;3/07/2024;10463;10463;;
102;257;ABD104;1;0;0;E1;Ingreso al servicio;Descuento del 50% por compras en c.c.;4/07/2024;10464;10464;;
102;257;ADC268;1;0;0;E1;Ingreso al servicio;Descuento del 50% por compras en c.c.;5/07/2024;10465;10465;;
102;257;BDA734;1;0;0;E1;Ingreso al servicio;Descuento del 50% por compras en c.c.;6/07/2024;10466;10466;;
102;257;BAD560;1;0;0;E1;Ingreso al servicio;Descuento del 50% por compras en c.c.;7/07/2024;10467;10467;;
102;257;BDE442;1;0;0;E1;Ingreso al servicio;Descuento del 50% por compras en c.c.;8/07/2024;10468;10468;;
102;257;AEA227;1;0;0;E1;Ingreso al servicio;Descuento del 50% por compras en c.c.;9/07/2024;10469;10469;;
102;257;AEA344;1;0;0;E1;Ingreso al servicio;Descuento del 50% por compras en c.c.;10/07/2024;10470;10470;;
102;257;CAC446;1;0;0;E1;Ingreso al servicio;Descuento del 50% por compras en c.c.;11/07/2024;10471;10471;;
102;257;BAB038;1;0;0;E1;Ingreso al servicio;Descuento del 50% por compras en c.c.;12/07/2024;10472;10472;;
102;257;AEC665;1;0;0;E1;Ingreso al servicio;Descuento del 50% por compras en c.c.;13/07/2024;10473;10473;;
102;257;BDB217;1;0;0;E1;Ingreso al servicio;Descuento del 50% por compras en c.c.;14/07/2024;10474;10474;;
102;257;CAD779;1;0;0;E1;Ingreso al servicio;Descuento del 50% por compras en c.c.;15/07/2024;10475;10475;;
102;257;BEB362;1;0;0;E1;Ingreso al servicio;Descuento del 50% por compras en c.c.;16/07/2024;10476;10476;;
102;257;BCD632;1;0;0;E1;Ingreso al servicio;Descuento del 50% por compras en c.c.;17/07/2024;10477;10477;;
102;257;BEC217;1;0;0;E1;Ingreso al servicio;Descuento del 50% por compras en c.c.;18/07/2024;10478;10478;;
102;257;BBC803;1;0;0;E1;Ingreso al servicio;Descuento del 50% por compras en c.c.;19/07/2024;10479;10479;;
102;257;BEA284;1;0;0;E1;Ingreso al servicio;Descuento del 50% por compras en c.c.;20/07/2024;10480;10480;;
102;257;AAE806;1;0;0;E1;Ingreso al servicio;Descuento del 50% por compras en c.c.;21/07/2024;10481;10481;;
102;257;ACE829;1;0;0;E1;Ingreso al servicio;Descuento del 50% por compras en c.c.;22/07/2024;10482;10482;;
102;257;CAD401;1;0;0;E1;Ingreso al servicio;Descuento del 50% por compras en c.c.;23/07/2024;10483;10483;;
102;257;ADE797;1;0;0;E1;Ingreso al servicio;Descuento del 50% por compras en c.c.;24/07/2024;10484;10484;;
102;257;BEB815;1;0;0;E1;Ingreso al servicio;Descuento del 50% por compras en c.c.;25/07/2024;10485;10485;;
102;257;AEE018;1;0;0;E1;Ingreso al servicio;Descuento del 50% por compras en c.c.;26/07/2024;10486;10486;;
102;257;BEB094;1;0;0;E1;Ingreso al servicio;Descuento del 50% por compras en c.c.;27/07/2024;10487;10487;;
102;257;BAC430;1;0;0;E1;Ingreso al servicio;Descuento del 50% por compras en c.c.;28/07/2024;10488;10488;;
102;257;ABA056;1;0;0;E1;Ingreso al servicio;Descuento del 50% por compras en c.c.;29/07/2024;10489;10489;;
102;257;CAE336;1;0;0;E1;Ingreso al servicio;Descuento del 50% por compras en c.c.;30/07/2024;10490;10490;;
102;257;ABE346;1;0;0;E1;Ingreso al servicio;Descuento del 50% por compras en c.c.;31/07/2024;10491;10491;;
102;257;BAD462;1;0;0;E1;Ingreso al servicio;Descuento del 50% por compras en c.c.;1/08/2024;10492;10492;;
102;257;BCD960;1;0;0;E1;Ingreso al servicio;Descuento del 50% por compras en c.c.;2/08/2024;10493;10493;;
102;257;SOP008;1;0;0;E1;Ingreso al servicio;Descuento del 50% por compras en c.c.;3/08/2024;10494;10494;;
102;257;BAB430;1;0;0;E1;Ingreso al servicio;Descuento del 50% por compras en c.c.;4/08/2024;10495;10495;;
102;257;ACA500;1;0;0;E1;Ingreso al servicio;Descuento del 50% por compras en c.c.;5/08/2024;10496;10496;;
102;257;BDA194;1;0;0;E1;Ingreso al servicio;Descuento del 50% por compras en c.c.;6/08/2024;10497;10497;;
